<?xml version="1.0" encoding="UTF-8"?>
<project-private xmlns="http://www.netbeans.org/ns/project-private/1">
    <editor-bookmarks xmlns="http://www.netbeans.org/ns/editor-bookmarks/2" lastBookmarkId="0"/>
    <open-files xmlns="http://www.netbeans.org/ns/projectui-open-files/2">
        <group>
            <file>file:/home/jesus/Dropbox/UGR/Universidad3_C2/SMM/Practicas/Practica7/PaintBasico2D/src/paintfinal/VentanaPrincipal.java</file>
            <file>file:/home/jesus/Dropbox/UGR/Universidad3_C2/SMM/Practicas/Practica7/PaintBasico2D/src/paintfinal/VentanaInterna.java</file>
            <file>file:/home/jesus/Dropbox/UGR/Universidad3_C2/SMM/Practicas/Practica7/PaintBasico2D/src/paintfinal/Lienzo.java</file>
            <file>file:/home/jesus/Dropbox/UGR/Universidad3_C2/SMM/Practicas/Practica7/PaintBasico2D/src/paintfinal/PaintBasicov2.java</file>
        </group>
    </open-files>
</project-private>
